"","X","X2000","X2001","X2002","X2003","X2004","X2005","X2006","X2007","X.1","X2008","X2009","X2010","X2011","X2012","X2013","X2014","X2015"
"1","Afghanistan","..","117.4","187.8","198.7","219.1","250.3","272.6","369.8",NA,"373.4","445.9","553.3","603.5","669.0","631.7","612.1","584.0"
"2","Albania","1,175.8","1,327.0","1,453.6","1,890.7","2,416.6","2,709.1","3,005.0","3,603.0",NA,"4,370.5","4,114.1","4,094.4","4,437.2","4,247.6","4,414.7","4,575.8","3,954.0"
"3","Algeria","1,757.0","1,732.9","1,774.0","2,094.3","2,598.9","3,100.1","3,464.6","3,935.2",NA,"4,905.3","3,868.8","4,463.4","5,432.3","5,564.8","5,471.9","5,470.9","4,132.8"
"4","American Samoa","..","..","8,751.8","8,914.5","8,639.3","8,508.4","8,456.9","8,980.5",NA,"9,872.0","12,058.3","10,352.8","10,376.0","11,660.3","11,553.7","11,508.6","11,541.9"
"5","Andorra","21,435.9","22,037.4","24,518.3","32,438.7","38,256.0","41,186.0","43,667.0","48,510.5",NA,"47,712.3","43,215.7","39,627.7","40,919.2","38,167.1","40,215.4","..",".."
"6","Angola","555.3","526.2","711.2","779.5","1,041.1","1,444.0","2,062.4","2,878.8",NA,"3,868.6","3,347.8","3,529.1","4,299.0","4,598.2","4,804.6","4,709.3","3,695.8"
"7","Antigua and Barbuda","9,875.2","9,358.2","9,386.7","9,739.8","10,352.8","11,371.9","12,724.4","14,252.3",NA,"14,703.3","13,012.5","12,126.9","11,929.3","12,565.4","12,224.9","12,888.3","13,566.9"
"8","Argentina","7,669.3","7,170.7","2,579.2","3,330.4","4,251.6","5,076.9","5,878.8","7,193.6",NA,"8,953.4","8,161.3","10,276.3","12,726.9","12,969.7","12,976.6","12,245.3","13,467.1"
"9","Armenia","622.7","694.4","783.3","930.2","1,192.0","1,643.8","2,158.0","3,138.8",NA,"4,010.0","2,993.8","3,218.4","3,527.0","3,684.8","3,843.6","3,994.7","3,609.7"
"10","Aruba","20,620.7","20,670.7","20,434.3","20,834.5","22,567.8","23,302.8","24,014.9","25,921.0",NA,"27,546.9","24,631.4","24,271.9","25,324.7","..","..","..",".."
"11","Australia","21,690.9","19,517.8","20,081.8","23,465.4","30,472.4","34,016.7","36,118.3","40,992.0",NA,"49,664.7","42,743.0","51,874.1","62,245.1","67,677.6","67,792.3","62,214.6","56,554.0"
"12","Austria","24,517.3","24,489.7","26,351.4","32,102.9","36,693.4","38,242.0","40,431.0","46,586.7",NA,"51,386.4","47,654.2","46,657.1","51,126.7","48,333.6","50,504.7","51,322.6","43,665.0"
"13","Azerbaijan","655.1","703.7","763.1","883.6","1,045.0","1,578.4","2,473.1","3,851.4",NA,"5,574.6","4,950.3","5,842.8","7,189.7","7,496.3","7,875.8","7,891.3","5,500.3"
"14","Bahamas, The","21,241.2","21,497.5","22,506.4","22,009.2","21,996.4","23,405.5","23,719.1","24,301.2",NA,"23,652.3","22,037.1","21,921.6","21,524.0","22,575.6","22,590.4","22,550.2","22,888.1"
"15","Bahrain","13,636.3","12,868.2","13,102.3","14,222.0","15,846.5","17,959.2","19,308.0","20,977.1",NA,"23,067.6","19,356.7","20,722.1","22,810.1","23,649.4","25,010.2","24,983.4","22,688.9"
"16","Bangladesh","405.6","402.6","400.6","432.7","460.8","484.2","494.1","541.1",NA,"615.8","681.1","757.7","835.8","856.3","951.9","1,084.6","1,210.2"
"17","Barbados","11,568.1","11,513.9","11,675.4","12,028.5","12,868.9","14,223.9","15,646.1","16,462.5",NA,"16,570.3","16,523.3","15,905.9","15,534.2","15,384.9","15,472.8","15,359.7","15,557.8"
"18","Belarus","1,276.3","1,244.4","1,479.4","1,819.5","2,378.3","3,126.1","3,848.2","4,735.5",NA,"6,376.2","5,176.2","6,030.4","6,519.7","6,940.2","7,978.8","8,318.4","5,949.1"
"19","Belgium","23,207.4","23,121.6","25,052.3","30,744.0","35,589.7","36,967.3","38,852.4","44,403.8",NA,"48,424.6","44,880.6","44,380.2","47,702.8","44,740.6","46,510.4","47,439.4","40,356.9"
"20","Belize","3,364.4","3,419.3","3,556.6","3,679.9","3,831.5","3,933.3","4,187.4","4,324.9",NA,"4,470.2","4,258.8","4,344.2","4,516.2","4,673.6","4,688.5","4,852.2","4,850.0"
"21","Benin","374.2","378.7","418.7","519.3","583.4","601.8","625.8","706.1",NA,"820.2","793.5","757.7","825.9","838.0","915.3","943.7","783.9"
"22","Bermuda","56,284.2","58,884.0","62,583.1","66,111.7","70,359.3","75,882.0","83,912.7","90,849.6",NA,"93,605.7","88,463.3","88,207.3","85,973.2","85,458.5","85,748.1","..",".."
"23","Bhutan","765.9","807.9","885.6","997.7","1,097.5","1,247.1","1,335.5","1,741.1",NA,"1,795.2","1,770.2","2,178.9","2,458.0","2,422.0","2,350.9","2,522.8","2,613.6"
"24","Bolivia","1,007.0","958.2","913.6","917.4","978.3","1,046.4","1,233.6","1,389.6",NA,"1,736.9","1,776.9","1,981.2","2,377.7","2,645.2","2,947.9","3,124.0","3,077.0"
"25","Bosnia and Herzegovina","1,461.8","1,524.4","1,761.5","2,214.7","2,650.6","2,968.4","3,404.3","4,180.3",NA,"5,075.3","4,697.8","4,611.5","5,050.2","4,716.7","5,035.9","5,193.9","4,574.1"
"26","Botswana","3,349.1","3,128.1","3,055.6","4,163.1","4,896.6","5,351.3","5,374.6","5,714.0",NA,"5,623.4","5,185.7","6,346.2","7,645.2","7,029.2","7,007.6","7,497.8","6,532.1"
"27","Brazil","3,739.1","3,147.0","2,819.6","3,059.6","3,623.0","4,770.2","5,860.1","7,313.6",NA,"8,787.6","8,553.4","11,224.2","13,167.5","12,291.5","12,216.9","12,026.6","8,757.2"
"28","British Virgin Islands","..","..","..","..","..","..","..","..",NA,"..","..","..","..","..","..","..",".."
"29","Brunei Darussalam","18,008.4","16,468.1","16,846.0","18,555.6","21,896.6","26,102.1","30,981.0","32,672.4",NA,"37,951.3","27,965.5","35,268.1","47,017.0","47,651.3","44,597.3","41,590.9","30,967.9"
"30","Bulgaria","1,609.3","1,764.9","2,087.5","2,710.5","3,381.5","3,893.7","4,513.1","5,932.9",NA,"7,296.1","6,956.0","6,843.3","7,813.8","7,378.0","7,674.9","7,853.3","6,993.5"
"31","Burkina Faso","226.5","235.5","260.8","332.3","371.3","407.0","422.6","475.1",NA,"569.8","552.7","575.4","666.8","673.8","699.0","705.1","615.6"
"32","Burundi","136.0","133.7","122.4","112.8","127.4","150.5","165.9","170.8",NA,"196.2","204.9","231.2","260.5","265.3","282.8","312.7","303.7"
"33","Cabo Verde","1,239.4","1,268.9","1,373.5","1,768.9","1,976.5","2,048.1","2,304.3","3,112.3",NA,"3,638.9","3,444.6","3,312.8","3,670.4","3,408.5","3,558.8","3,529.6","2,954.1"
"34","Cambodia","300.7","321.2","339.1","362.4","408.6","474.2","539.9","631.7",NA,"745.8","738.2","785.7","882.5","950.0","1,028.4","1,098.7","1,163.2"
"35","Cameroon","608.0","614.7","676.4","824.9","930.2","952.2","1,003.0","1,110.7",NA,"1,233.5","1,203.2","1,182.9","1,295.6","1,255.6","1,365.3","1,441.1","1,244.4"
"36","Canada","24,124.2","23,691.6","24,167.8","28,172.1","31,979.9","36,189.6","40,386.7","44,544.5",NA,"46,596.3","40,773.5","47,447.5","52,082.2","52,496.7","52,413.7","50,440.4","43,315.7"
"37","Cayman Islands","..","..","..","..","..","..","64,100.9","..",NA,"..","..","..","..","..","..","..",".."
"38","Central African Republic","243.5","243.2","253.7","286.3","313.2","327.1","347.6","397.1",NA,"456.9","450.0","446.4","494.3","486.4","337.5","377.1","348.4"
"39","Chad","166.0","197.3","220.8","292.6","454.7","660.2","712.2","801.7",NA,"929.8","804.5","896.6","989.2","973.5","986.0","1,026.0","777.2"
"40","Channel Islands","43,299.4","41,610.1","44,159.2","48,226.4","55,844.1","57,210.7","62,261.8","73,569.6",NA,"..","..","..","..","..","..","..",".."
"41","Chile","5,101.4","4,595.7","4,463.5","4,787.7","6,210.8","7,615.3","9,484.7","10,526.9",NA,"10,781.4","10,243.3","12,860.2","14,705.7","15,431.9","15,941.4","14,817.4","13,653.2"
"42","China","959.4","1,053.1","1,148.5","1,288.6","1,508.7","1,753.4","2,099.2","2,695.4",NA,"3,471.2","3,838.4","4,560.5","5,633.8","6,337.9","7,077.8","7,683.5","8,069.2"
"43","Colombia","2,472.2","2,395.9","2,355.7","2,246.3","2,740.2","3,386.0","3,709.1","4,674.2",NA,"5,433.7","5,148.4","6,250.7","7,227.7","7,885.0","8,030.6","7,913.4","6,044.5"
"44","Comoros","375.9","395.9","433.3","544.5","616.4","621.9","648.3","720.8",NA,"796.0","778.5","769.2","829.8","788.6","834.3","853.0","727.6"
"45","Congo, Dem. Rep.","405.5","153.7","175.1","173.9","194.2","218.5","252.8","280.1",NA,"318.1","292.6","318.1","357.5","398.1","420.9","461.6","474.9"
"46","Congo, Rep.","998.2","842.7","886.4","998.1","1,289.3","1,637.1","2,012.1","2,111.2",NA,"2,881.6","2,255.3","2,737.3","3,196.6","2,952.1","2,964.6","2,910.5","1,712.1"
"47","Costa Rica","3,808.4","3,981.5","4,062.0","4,167.7","4,425.5","4,697.0","5,245.2","6,120.6",NA,"6,911.1","6,809.4","8,199.4","9,186.6","9,985.4","10,569.7","10,647.4","11,406.4"
"48","Cote d'Ivoire","642.3","656.8","711.0","865.8","919.8","931.8","951.9","1,065.9",NA,"1,242.4","1,217.7","1,219.7","1,214.7","1,262.5","1,423.7","1,569.9","1,420.6"
"49","Croatia","4,919.6","5,245.4","6,053.7","7,805.9","9,365.7","10,224.2","11,363.4","13,546.7",NA,"15,893.9","14,157.1","13,505.7","14,539.2","13,236.0","13,574.7","13,467.5","11,579.7"
"50","Cuba","2,741.1","2,832.2","2,994.3","3,192.7","3,390.7","3,779.1","4,669.1","5,184.5",NA,"5,376.4","5,484.8","5,676.1","6,075.9","6,425.9","6,760.2","7,050.5","7,602.3"
"51","Curacao","..","..","..","..","..","..","..","..",NA,"..","..","..","..","..","..","..",".."
"52","Cyprus","14,672.9","15,062.9","16,372.3","20,293.4","23,932.5","25,324.5","27,170.0","31,386.6",NA,"35,390.7","32,105.8","30,818.5","32,233.8","28,951.2","27,908.0","27,340.9","23,075.1"
"53","Czech Republic","5,994.5","6,594.7","8,011.9","9,741.1","11,667.6","13,317.7","15,159.1","18,333.9",NA,"22,649.4","19,698.5","19,764.0","21,717.5","19,729.9","19,916.0","19,744.6","17,556.9"
"54","Denmark","30,743.6","30,751.6","33,228.7","40,458.8","46,511.6","48,799.8","52,027.0","58,487.0",NA,"64,322.1","58,163.3","58,041.4","61,753.7","58,507.5","61,191.2","62,425.5","53,014.6"
"55","Djibouti","768.2","781.2","792.2","820.0","864.2","904.7","965.7","1,047.6",NA,"1,214.1","1,253.7","1,326.0","1,431.0","1,536.2","1,622.6","1,740.9","1,862.2"
"56","Dominica","4,820.1","4,924.9","4,836.4","4,994.7","5,325.0","5,244.0","5,513.2","5,939.1",NA,"6,446.7","6,866.2","6,912.4","6,985.5","6,744.6","7,022.8","7,257.4","7,069.5"
"57","Dominican Republic","2,802.4","2,862.2","3,008.5","2,372.6","2,421.1","3,681.1","3,836.5","4,647.3",NA,"5,011.0","4,952.7","5,451.1","5,759.1","5,968.9","6,027.1","6,268.7","6,468.5"
"58","Ecuador","1,451.3","1,903.7","2,184.0","2,440.5","2,708.6","3,021.9","3,350.8","3,590.7",NA,"4,275.0","4,255.6","4,657.3","5,223.4","5,702.1","6,074.1","6,432.2","6,205.1"
"59","Egypt, Arab Rep.","1,428.2","1,370.7","1,210.2","1,120.9","1,045.9","1,168.1","1,375.2","1,640.5",NA,"2,011.2","2,291.7","2,602.5","2,747.5","3,181.4","3,213.4","3,327.8","3,547.7"
"60","El Salvador","2,238.4","2,338.8","2,408.4","2,519.7","2,632.7","2,835.3","3,063.0","3,304.8",NA,"3,507.3","3,366.5","3,474.4","3,736.6","3,827.8","3,895.7","3,988.8","4,127.1"
"61","Equatorial Guinea","1,702.7","2,283.9","2,711.2","3,577.2","6,085.3","10,850.6","12,732.0","15,761.8",NA,"22,742.4","16,530.2","17,136.4","21,451.9","21,557.7","20,247.0","19,002.6","10,347.3"
"62","Eritrea","208.2","215.1","201.8","232.8","287.4","276.8","297.8","317.3",NA,"326.1","430.8","482.1","582.8","..","..","..",".."
"63","Estonia","4,070.0","4,499.0","5,308.3","7,174.2","8,850.5","10,338.3","12,595.4","16,586.4",NA,"18,094.5","14,726.3","14,638.6","17,454.8","17,421.9","19,029.8","19,941.5","17,074.9"
"64","Ethiopia","123.9","120.2","111.4","118.9","135.8","161.6","193.8","243.3",NA,"325.4","379.8","341.3","354.8","468.5","502.2","571.2","645.5"
"65","Faroe Islands","22,479.6","24,300.4","26,553.7","30,993.1","34,979.1","35,847.4","40,719.7","47,024.2",NA,"49,772.9","46,521.8","47,398.1","50,788.9","48,422.0","53,612.7","..",".."
"66","Fiji","2,076.0","2,038.9","2,259.1","2,836.0","3,332.9","3,658.6","3,749.9","4,078.8",NA,"4,177.7","3,369.4","3,652.0","4,353.1","4,546.7","4,763.1","5,046.0","4,921.9"
"67","Finland","24,253.3","24,913.2","26,834.0","32,816.2","37,636.1","38,969.2","41,120.7","48,288.5",NA,"53,401.3","47,107.2","46,202.4","50,790.7","47,415.6","49,638.1","49,914.6","42,405.4"
"68","France","22,465.6","22,527.3","24,275.2","29,691.2","33,874.7","34,879.7","36,544.5","41,600.6",NA,"45,413.1","41,631.1","40,703.3","43,810.2","40,838.0","42,554.1","42,955.2","36,526.8"
"69","French Polynesia","14,530.8","..","..","..","..","..","..","..",NA,"..","..","..","..","..","..","..",".."
"70","Gabon","4,116.5","3,976.1","4,102.6","4,892.0","5,685.6","6,741.3","7,027.8","8,352.8",NA,"10,094.0","7,603.7","8,754.1","10,716.2","9,774.2","9,679.7","9,692.2","7,389.0"
"71","Gambia, The","635.6","541.1","440.9","359.7","413.8","432.2","439.3","519.0",NA,"607.9","549.3","562.9","517.8","506.4","486.1","442.7","474.7"
"72","Georgia","692.0","734.0","779.4","928.0","1,207.4","1,530.1","1,872.7","2,492.1",NA,"3,174.9","2,706.6","2,964.5","3,725.1","4,142.9","4,274.4","4,429.7","3,764.6"
"73","Germany","23,718.7","23,687.3","25,205.2","30,360.0","34,165.9","34,696.6","36,447.9","41,814.8",NA,"45,699.2","41,732.7","41,785.6","46,810.3","44,065.2","46,530.9","47,902.7","41,176.9"
"74","Ghana","263.1","273.7","309.5","373.3","423.2","498.2","922.9","1,090.7",NA,"1,224.4","1,086.8","1,312.6","1,575.0","1,629.8","1,814.5","1,432.2","1,361.1"
"75","Gibraltar","..","..","..","..","..","..","..","..",NA,"..","..","..","..","..","..","..",".."
"76","Greece","12,043.0","12,538.2","14,110.3","18,477.6","21,955.1","22,551.7","24,801.2","28,827.3",NA,"31,997.3","29,711.0","26,917.8","25,916.3","22,242.7","21,874.8","21,673.8","18,007.8"
"77","Greenland","19,004.1","19,275.5","20,652.9","24,801.7","28,497.5","29,088.8","32,035.1","36,232.7",NA,"41,023.0","41,277.5","40,532.5","44,212.4","42,398.6","43,967.2","45,317.1","39,569.1"
"78","Grenada","5,117.6","5,110.0","5,292.2","5,773.1","5,836.2","6,754.5","6,764.7","7,322.6",NA,"7,946.9","7,395.1","7,365.7","7,410.4","7,583.2","7,955.6","8,569.8","9,212.2"
"79","Guam","..","..","21,536.5","22,572.5","24,396.1","26,495.9","26,555.6","27,540.8",NA,"29,056.5","30,025.6","30,700.4","30,862.1","32,499.2","33,446.6","34,578.5","35,439.5"
"80","Guatemala","1,655.6","1,568.4","1,701.8","1,753.3","1,872.7","2,077.8","2,256.6","2,490.0",NA,"2,794.2","2,635.8","2,825.5","3,187.8","3,299.6","3,452.8","3,687.8","3,923.6"
"81","Guinea","340.1","315.8","322.8","370.2","386.3","303.4","296.7","409.5",NA,"437.4","436.7","438.8","459.2","502.3","540.2","561.1","554.0"
"82","Guinea-Bissau","297.8","309.5","321.5","360.6","393.3","425.0","418.9","481.1",NA,"583.5","544.2","544.0","692.6","607.8","610.6","642.6","596.9"
"83","Guyana","946.1","925.6","960.9","986.8","1,045.6","1,098.5","1,945.6","2,327.1",NA,"2,576.1","2,716.4","3,026.3","3,439.6","3,785.9","3,944.2","4,030.8","4,136.7"
"84","Haiti","462.5","413.7","393.0","329.8","387.9","465.3","505.5","615.8",NA,"674.8","668.3","662.3","740.9","766.8","810.3","830.1","814.5"
"85","Honduras","1,088.8","1,130.4","1,132.9","1,157.3","1,217.7","1,311.7","1,437.6","1,592.6",NA,"1,751.6","1,815.5","1,932.9","2,120.6","2,178.4","2,136.8","2,242.7","2,326.2"
"86","Hong Kong SAR, China","25,756.7","25,230.2","24,665.9","23,977.0","24,928.1","26,649.8","28,224.2","30,594.0",NA,"31,515.7","30,697.3","32,550.0","35,142.5","36,707.8","38,357.8","40,247.4","42,351.0"
"87","Hungary","4,623.4","5,270.8","6,650.6","8,396.3","10,259.5","11,161.7","11,398.8","13,842.6",NA,"15,669.3","12,967.2","13,025.5","14,048.9","12,834.3","13,613.6","14,118.0","12,365.6"
"88","Iceland","31,813.4","28,585.9","31,996.2","39,044.1","46,917.3","56,249.8","56,103.5","68,348.3",NA,"55,575.3","40,461.9","41,676.4","46,000.0","44,333.9","47,810.3","52,473.1","50,734.4"
"89","India","438.9","447.0","466.2","541.1","621.3","707.0","792.0","1,018.2",NA,"991.5","1,090.3","1,345.8","1,461.7","1,447.0","1,452.2","1,573.1","1,613.2"
"90","Indonesia","780.1","748.0","899.6","1,064.5","1,148.6","1,260.9","1,586.2","1,855.1",NA,"2,160.5","2,254.4","3,113.5","3,634.3","3,688.0","3,620.7","3,491.6","3,336.1"
"91","Iran, Islamic Rep.","1,657.2","1,891.0","1,892.0","2,231.3","2,638.7","3,121.8","3,631.2","4,685.1",NA,"5,452.5","5,414.5","6,273.4","7,842.4","7,680.6","6,607.1","5,424.3","4,957.6"
"92","Iraq","..","..","..","..","1,391.8","1,849.6","2,351.8","3,129.2",NA,"4,521.0","3,735.1","4,502.7","5,854.6","6,651.1","6,925.2","6,703.1","4,974.0"
"93","Ireland","26,241.9","28,223.6","32,539.0","41,107.2","47,631.1","50,886.8","54,326.1","61,388.2",NA,"61,235.4","51,983.8","48,538.6","52,567.5","49,231.4","52,034.8","55,503.3","60,664.1"
"94","Isle of Man","21,551.8","22,059.7","25,688.5","30,366.0","36,608.5","39,033.7","43,482.4","73,153.3",NA,"74,203.1","63,635.8","67,690.6","75,118.0","79,028.0","82,356.8","89,941.6",".."
"95","Israel","21,052.1","20,306.2","18,431.2","18,947.0","19,888.2","20,611.2","21,905.0","25,008.6",NA,"29,657.4","27,795.9","30,662.0","33,657.2","32,569.6","36,393.7","37,582.8","35,729.4"
"96","Italy","20,051.2","20,400.8","22,196.5","27,387.2","31,174.6","31,959.3","33,410.7","37,698.8",NA,"40,640.2","36,976.8","35,849.4","38,334.7","34,814.1","35,370.3","35,396.7","30,049.1"
"97","Jamaica","3,360.9","3,394.8","3,596.5","3,465.2","3,720.0","4,082.2","4,313.2","4,620.5",NA,"4,902.5","4,293.4","4,682.7","5,103.5","5,210.3","5,006.1","4,855.7","4,966.0"
"98","Japan","38,532.0","33,846.5","32,289.4","34,808.4","37,688.7","37,217.6","35,434.0","35,275.2",NA,"39,339.3","40,855.2","44,507.7","48,168.0","48,603.5","40,454.4","38,096.2","34,474.1"
"99","Jordan","1,657.9","1,728.3","1,812.3","1,889.2","2,061.5","2,203.1","2,537.3","2,762.8",NA,"3,385.6","3,492.1","3,679.2","3,807.3","3,870.8","3,992.9","4,066.9","4,096.1"
"100","Kazakhstan","1,229.0","1,490.9","1,658.0","2,068.1","2,874.3","3,771.3","5,291.6","6,771.4",NA,"8,513.6","7,165.3","9,070.6","11,634.4","12,387.2","13,890.9","12,806.6","10,510.0"
"101","Kenya","404.0","401.8","395.8","436.7","458.9","519.8","697.0","839.1",NA,"916.9","920.1","967.3","987.4","1,155.0","1,229.1","1,335.1","1,350.0"
"102","Kiribati","796.8","734.9","826.6","1,015.0","1,130.6","1,214.6","1,151.6","1,357.6",NA,"1,413.3","1,297.3","1,493.2","1,692.6","1,763.8","1,724.4","1,684.5","1,424.5"
"103","Korea, Dem. People’s Rep.","..","..","..","..","..","..","..","..",NA,"..","..","..","..","..","..","..",".."
"104","Korea, Rep.","11,947.6","11,252.9","12,782.5","14,209.4","15,907.7","18,639.5","20,888.4","23,060.7",NA,"20,430.6","18,291.9","22,087.0","24,079.8","24,358.8","25,890.0","27,811.4","27,105.1"
"105","Kosovo","1,087.8","1,490.4","1,587.5","1,969.6","2,135.3","2,190.6","2,371.7","2,788.5",NA,"3,254.9","3,209.7","3,283.2","3,712.6","3,586.2","3,877.0","4,054.7","3,574.5"
"106","Kuwait","18,389.4","16,541.0","17,789.4","22,071.6","26,921.1","35,490.3","42,717.6","45,794.0",NA,"55,572.0","37,567.3","38,497.6","48,268.6","51,264.1","48,399.9","42,996.4","28,975.4"
"107","Kyrgyz Republic","279.6","308.4","321.7","380.5","433.2","476.6","543.1","721.8",NA,"966.4","871.2","880.0","1,123.9","1,178.0","1,282.4","1,279.8","1,121.1"
"108","Lao PDR","324.8","326.6","319.8","362.6","417.8","475.4","590.3","709.8",NA,"899.5","948.1","1,141.1","1,304.4","1,588.6","1,838.8","2,017.6","2,159.4"
"109","Latvia","3,352.7","3,572.8","4,132.3","5,134.9","6,351.1","7,558.7","9,668.0","14,044.0",NA,"16,348.5","12,219.4","11,326.2","13,702.7","13,822.8","15,032.2","15,725.0","13,666.6"
"110","Lebanon","5,334.9","5,253.1","5,436.6","5,425.7","5,424.2","5,339.4","5,372.1","6,014.3",NA,"7,012.8","8,400.3","8,763.8","8,734.9","8,787.9","8,406.3","8,161.5","8,046.6"
"111","Lesotho","474.8","437.8","407.8","603.6","781.5","862.9","915.8","918.4",NA,"934.4","923.1","1,173.3","1,352.4","1,281.5","1,196.0","1,174.8","1,073.8"
"112","Liberia","183.4","174.2","177.3","133.5","149.4","168.6","178.9","210.4",NA,"232.1","303.1","327.4","379.7","415.0","454.1","458.5","452.0"
"113","Libya","7,145.6","6,269.6","3,705.4","4,677.0","5,806.1","8,171.4","9,345.0","11,308.6",NA,"14,396.0","10,297.0","12,120.6","5,602.5","..","..","..",".."
"114","Liechtenstein","74,624.6","74,005.0","79,035.5","89,469.8","99,848.6","104,994.0","113,983.2","130,267.2",NA,"142,973.8","125,945.0","141,165.1","158,283.1","149,295.6","173,528.2","179,478.6",".."
"115","Lithuania","3,297.4","3,530.1","4,147.0","5,505.5","6,707.0","7,863.2","9,240.6","12,297.9",NA,"14,961.6","11,837.4","11,984.9","14,357.7","14,341.1","15,712.8","16,555.0","14,252.4"
"116","Luxembourg","48,736.0","48,179.4","52,930.6","65,445.9","75,716.4","80,289.7","89,739.7","106,018.5",NA,"114,293.8","103,198.7","104,965.3","115,761.5","106,749.0","113,751.8","119,172.7","101,909.8"
"117","Macao SAR, China","15,702.9","15,547.9","16,312.6","17,809.6","22,453.2","25,058.5","29,979.9","36,402.6",NA,"40,667.9","40,881.4","52,374.8","66,813.3","76,496.4","89,524.8","94,004.4","75,573.5"
"118","Macedonia, FYR","1,854.1","1,815.9","1,961.2","2,408.8","2,762.6","3,037.8","3,325.6","4,036.1",NA,"4,793.3","4,543.9","4,542.9","5,064.0","4,698.7","5,211.5","5,469.2","4,834.1"
"119","Madagascar","245.9","278.6","262.3","316.8","245.1","274.8","292.2","377.8",NA,"470.7","415.7","412.7","455.0","443.9","461.7","452.5","401.9"
"120","Malawi","153.3","146.8","291.0","260.1","274.2","280.4","297.7","320.2",NA,"372.8","420.7","458.9","512.1","374.5","332.9","354.7","362.7"
"121","Malaysia","4,045.2","3,915.1","4,167.4","4,463.7","4,955.5","5,593.8","6,223.0","7,269.2",NA,"8,513.6","7,326.7","9,071.4","10,405.1","10,779.5","10,882.3","11,184.0","9,643.6"
"122","Maldives","2,183.0","2,980.1","3,020.3","3,432.2","3,853.3","3,488.5","4,428.5","5,002.9",NA,"5,828.6","5,970.2","6,330.8","6,497.6","6,541.1","7,112.3","7,716.2","8,395.8"
"123","Mali","269.3","306.8","334.2","391.8","439.4","487.9","521.6","595.6",NA,"689.7","697.0","708.4","835.1","777.3","777.6","825.6","729.7"
"124","Malta","11,039.1","11,021.8","11,843.9","13,690.0","15,109.1","15,835.3","16,671.6","19,375.6",NA,"21,928.7","20,675.6","21,087.8","22,821.8","21,930.8","23,930.2","26,180.9","23,819.5"
"125","Marshall Islands","2,126.9","2,206.7","2,391.5","2,434.7","2,517.7","2,646.1","2,758.5","2,893.4",NA,"2,928.1","2,917.3","3,142.6","3,286.4","3,514.0","3,617.8","3,461.6","3,385.9"
"126","Mauritania","477.5","464.2","461.0","528.6","602.5","697.7","944.1","1,013.3",NA,"1,167.5","1,046.8","1,203.4","1,393.3","1,364.3","1,450.6","1,326.7","1,158.3"
"127","Mauritius","3,861.0","3,792.2","3,957.5","4,623.3","5,229.9","5,116.0","5,696.0","6,574.7",NA,"8,030.1","7,318.1","8,000.4","9,197.0","9,291.2","9,637.0","10,153.9","9,252.1"
"128","Mexico","6,720.9","7,031.4","7,106.1","6,752.0","7,199.1","7,986.8","8,767.9","9,330.3",NA,"9,689.1","7,748.1","8,959.6","9,834.5","9,820.5","10,298.9","10,452.3","9,143.1"
"129","Micronesia, Fed. Sts.","2,170.9","2,240.0","2,257.8","2,293.6","2,247.8","2,352.7","2,393.8","2,435.2",NA,"2,501.4","2,669.4","2,838.5","2,998.9","3,148.1","3,044.5","3,057.9","3,016.0"
"130","Moldova","354.0","407.7","458.7","548.3","720.9","831.2","950.6","1,230.4",NA,"1,696.0","1,525.5","1,631.5","1,970.6","2,046.5","2,244.0","2,244.8","1,832.5"
"131","Monaco","82,534.9","82,552.6","89,061.1","108,978.5","123,382.0","126,655.6","135,535.0","170,156.7",NA,"192,989.2","152,111.6","144,246.4","162,009.9","..","..","..",".."
"132","Mongolia","474.2","524.0","571.5","646.1","797.8","998.8","1,334.7","1,634.1",NA,"2,139.6","1,717.9","2,650.4","3,769.6","4,368.1","4,385.4","4,181.6","3,944.2"
"133","Montenegro","1,627.0","1,909.6","2,106.2","2,789.1","3,380.2","3,674.6","4,383.6","5,957.1",NA,"7,325.7","6,698.1","6,682.3","7,318.7","6,586.7","7,186.4","7,378.3","6,461.2"
"134","Morocco","1,332.4","1,336.8","1,413.8","1,722.0","1,948.8","2,013.8","2,191.5","2,494.4",NA,"2,884.9","2,861.6","2,834.2","3,039.9","2,904.7","3,111.8","3,154.5","2,847.3"
"135","Mozambique","277.6","256.4","262.9","283.9","336.3","369.2","385.8","422.1",NA,"503.1","463.9","419.2","526.5","566.1","606.0","623.3","528.3"
"136","Myanmar","193.2","138.9","143.8","219.8","219.8","247.2","296.9","410.5",NA,"644.0","741.1","987.7","1,186.4","1,171.5","1,168.8","1,262.9","1,194.6"
"137","Namibia","2,058.0","1,834.3","1,713.0","2,482.4","3,288.3","3,573.1","3,881.2","4,202.5",NA,"4,029.1","4,153.5","5,191.6","5,601.0","5,749.4","5,488.1","5,421.3","4,737.7"
"138","Nauru","..","..","..","..","..","..","..","2,028.1",NA,"3,915.0","4,416.7","4,912.6","7,233.9","10,099.4","10,036.2","9,872.6","8,052.9"
"139","Nepal","231.4","248.6","246.3","253.7","287.4","317.1","348.6","393.9",NA,"473.8","480.7","592.2","692.1","681.8","688.6","706.2","743.8"
"140","Netherlands","25,921.1","26,584.1","28,817.3","35,245.2","39,954.6","41,577.2","44,454.0","51,241.3",NA,"56,928.8","51,900.3","50,338.3","53,540.6","49,474.7","51,574.5","52,157.4","44,292.9"
"141","New Caledonia","12,579.6","..","..","..","..","..","..","..",NA,"..","..","..","..","..","..","..",".."
"142","New Zealand","13,641.1","13,882.9","16,874.3","21,913.7","25,420.4","27,750.9","26,670.9","32,509.7",NA,"31,287.8","28,200.9","33,691.3","38,426.6","39,970.3","42,889.9","44,503.2","38,201.9"
"143","Nicaragua","1,016.0","1,043.6","1,010.1","1,015.6","1,091.5","1,175.1","1,241.0","1,344.3",NA,"1,518.8","1,464.5","1,526.5","1,683.0","1,792.0","1,847.2","1,975.5","2,096.0"
"144","Niger","158.4","165.3","177.8","215.8","232.6","250.0","258.0","292.6",NA,"354.8","341.3","348.2","375.6","391.5","416.1","430.6","359.0"
"145","Nigeria","379.1","351.8","459.5","512.7","648.8","807.9","1,019.7","1,136.8",NA,"1,383.9","1,097.7","2,327.3","2,527.9","2,755.3","2,997.0","3,221.7","2,655.2"
"146","Northern Mariana Islands","..","..","18,672.8","18,376.8","18,427.4","16,644.7","16,048.5","15,761.3",NA,"16,350.1","14,279.6","14,681.0","13,628.1","13,980.4","14,434.8","15,348.5","16,819.9"
"147","Norway","38,146.7","38,549.6","43,061.2","50,111.7","57,570.3","66,775.4","74,114.7","85,128.7",NA,"96,880.5","80,017.8","87,646.8","100,575.0","101,563.7","102,910.4","97,005.5","74,505.2"
"148","Oman","8,601.2","8,476.6","8,629.1","9,069.8","10,129.3","12,377.0","14,408.1","15,805.1",NA,"22,075.0","16,784.3","19,280.7","20,986.0","22,134.9","21,268.8","20,458.5","16,627.4"
"149","Pakistan","533.9","510.7","499.9","563.6","649.8","711.5","873.8","950.4",NA,"1,039.3","1,006.6","1,040.1","1,226.2","1,261.2","1,272.4","1,317.0","1,431.2"
"150","Palau","7,786.2","8,245.7","8,352.9","8,116.8","8,851.7","9,710.6","9,729.2","9,743.5",NA,"9,793.4","9,163.3","8,979.0","9,704.4","10,318.9","10,932.1","11,894.4","13,500.6"
"151","Panama","4,060.3","4,046.4","4,126.1","4,267.1","4,591.9","4,916.5","5,348.5","6,068.1",NA,"6,973.9","7,429.6","7,937.3","9,270.7","10,589.8","11,686.0","12,593.7","13,134.0"
"152","Papua New Guinea","631.9","539.0","511.7","588.4","637.4","770.6","854.3","956.7",NA,"1,178.7","1,166.7","1,366.9","1,770.9","2,071.3","2,030.0","2,182.7",".."
"153","Paraguay","1,545.6","1,417.3","1,148.2","1,174.8","1,408.5","1,507.1","1,809.7","2,312.2",NA,"3,060.0","2,599.6","3,225.6","3,988.0","3,855.5","4,479.9","4,712.8","4,109.4"
"154","Peru","1,996.7","1,981.2","2,059.2","2,180.3","2,448.1","2,754.8","3,171.5","3,611.2",NA,"4,208.9","4,166.1","5,022.5","5,771.6","6,387.8","6,583.1","6,491.1","6,030.3"
"155","Philippines","1,038.9","957.3","1,000.1","1,010.6","1,079.0","1,194.7","1,391.8","1,672.7",NA,"1,919.5","1,825.3","2,129.5","2,352.5","2,581.8","2,760.3","2,842.9","2,878.3"
"156","Poland","4,492.7","4,981.2","5,196.9","5,693.5","6,681.2","8,021.3","9,040.8","11,260.3",NA,"14,001.4","11,527.6","12,599.5","13,893.2","13,145.1","13,780.5","14,341.7","12,566.0"
"157","Portugal","11,502.4","11,729.1","12,882.3","15,772.7","18,045.6","18,784.9","19,821.4","22,780.1",NA,"24,815.6","23,064.0","22,538.7","23,196.2","20,577.4","21,618.7","22,077.5","19,220.0"
"158","Puerto Rico","16,192.1","18,243.7","18,972.8","19,820.2","20,989.0","21,959.3","22,935.9","23,664.9",NA,"24,898.3","25,768.7","26,435.7","27,278.9","27,811.5","28,703.7","..",".."
"159","Qatar","29,986.3","28,430.6","29,990.7","34,177.0","41,818.4","51,488.5","60,256.6","67,005.6",NA,"82,967.4","61,478.2","70,306.2","85,948.1","88,564.8","88,304.9","86,852.7","66,346.5"
"160","Romania","1,668.2","1,839.7","2,124.9","2,775.0","3,552.9","4,676.3","5,828.7","8,214.2",NA,"10,136.5","8,220.1","8,297.5","9,200.3","8,558.4","9,585.3","10,020.3","8,958.8"
"161","Russian Federation","1,771.6","2,100.4","2,375.1","2,975.1","4,102.4","5,323.5","6,920.2","9,101.3",NA,"11,635.3","8,562.8","10,675.0","14,212.1","15,154.5","15,543.7","14,125.9","9,329.3"
"162","Rwanda","216.2","201.1","196.5","212.7","236.9","287.1","342.4","404.9",NA,"500.7","539.2","563.5","617.3","678.1","688.9","706.6","710.3"
"163","Samoa","1,540.7","1,555.5","1,631.4","1,907.2","2,351.0","2,571.3","2,808.0","3,022.5",NA,"3,509.8","3,035.1","3,453.5","3,942.0","4,234.6","4,219.1","4,179.0","4,149.4"
"164","San Marino","28,226.3","29,364.1","31,291.8","39,411.2","45,637.0","47,038.9","49,604.9","56,295.4",NA,"62,596.9","..","..","..","..","..","..",".."
"165","Sao Tome and Principe","..","510.0","555.8","649.3","693.3","810.9","843.8","894.1",NA,"1,126.5","1,099.6","1,129.8","1,304.3","1,380.9","1,619.5","1,821.9","1,624.6"
"166","Saudi Arabia","9,127.0","8,643.5","8,655.3","9,567.5","11,138.8","13,739.8","15,334.7","16,472.2",NA,"20,037.8","16,094.3","19,259.6","23,770.7","25,303.1","24,934.4","24,575.4","20,732.9"
"167","Senegal","473.5","481.3","513.0","642.8","733.1","773.9","809.8","950.4",NA,"1,100.3","1,020.6","1,001.6","1,080.3","1,036.4","1,048.9","1,052.4","908.7"
"168","Serbia","870.1","1,634.9","2,149.9","2,832.5","3,331.2","3,528.1","4,129.8","5,458.1",NA,"6,701.8","5,821.3","5,411.9","6,423.3","5,659.4","6,353.8","6,200.2","5,237.3"
"169","Seychelles","7,578.9","7,663.1","8,331.3","8,525.0","10,176.7","11,092.5","12,014.4","12,154.8",NA,"11,122.9","9,707.0","10,804.7","12,189.1","12,845.2","15,687.3","15,570.8","15,390.0"
"170","Sierra Leone","139.3","227.8","249.9","263.8","263.1","287.7","322.3","358.8",NA,"406.4","394.6","405.1","445.1","561.9","710.8","708.4","587.5"
"171","Singapore","23,792.6","21,577.1","22,016.8","23,573.6","27,405.3","29,869.9","33,579.9","39,223.6",NA,"39,721.0","38,577.6","46,569.7","53,166.7","54,431.2","56,029.2","56,336.1","53,629.7"
"172","Sint Maarten (Dutch part)","..","..","..","..","..","..","..","..",NA,"..","..","..","..","..","..","..",".."
"173","Slovak Republic","5,402.9","5,708.1","6,524.9","8,696.9","10,654.8","11,669.4","13,139.0","16,057.7",NA,"18,650.4","16,513.0","16,600.6","18,187.2","17,274.6","18,191.6","18,595.2","16,089.7"
"174","Slovenia","10,227.7","10,479.3","11,814.1","14,880.5","17,260.9","18,169.2","19,726.1","23,841.3",NA,"27,501.8","24,633.8","23,437.5","24,985.2","22,486.5","23,150.3","24,020.7","20,729.9"
"175","Solomon Islands","1,054.5","944.8","785.0","744.8","818.4","880.9","948.7","1,046.9",NA,"1,205.8","1,158.3","1,272.4","1,642.8","1,858.7","1,880.5","2,009.7","1,922.0"
"176","Somalia","..","..","..","..","..","..","..","..",NA,"..","..","..","..","..","407.5","417.9","426.0"
"177","South Africa","3,037.2","2,681.7","2,518.4","3,775.6","4,863.5","5,414.6","5,631.7","6,125.0",NA,"5,786.6","5,888.6","7,362.8","8,050.0","7,548.2","6,877.0","6,479.6","5,769.8"
"178","South Sudan","..","..","..","..","..","..","..","..",NA,"1,678.7","1,264.8","1,562.2","1,706.1","958.5","1,186.1","1,151.9","758.7"
"179","Spain","14,676.7","15,323.6","17,019.5","21,495.7","24,918.6","26,510.7","28,482.6","32,709.4",NA,"35,578.7","32,333.5","30,736.0","31,834.2","28,562.3","29,210.1","29,600.5","25,683.8"
"180","Sri Lanka","875.4","837.7","873.1","989.5","1,074.6","1,259.8","1,448.8","1,644.8",NA,"2,054.5","2,106.7","2,819.5","3,221.0","3,350.5","3,610.3","3,820.5","3,844.9"
"181","St. Kitts and Nevis","9,267.8","10,025.6","10,358.3","9,847.6","10,476.4","11,173.8","12,928.6","13,538.9",NA,"14,681.4","14,212.3","13,704.3","14,483.4","13,965.6","14,823.7","15,775.8","16,145.0"
"182","St. Lucia","4,996.3","4,693.9","4,684.1","5,117.9","5,504.5","5,810.2","6,424.3","6,877.5",NA,"7,015.0","6,905.3","7,196.0","7,367.0","7,428.8","7,503.4","7,857.3","8,076.1"
"183","St. Martin (French part)","..","..","..","..","..","..","..","..",NA,"..","..","..","..","..","..","..",".."
"184","St. Vincent and the Grenadines","3,672.6","3,982.3","4,270.9","4,446.8","4,808.2","5,064.5","5,609.6","5,977.5",NA,"6,370.4","6,177.6","6,231.8","6,183.7","6,338.1","6,597.2","6,656.3","6,739.6"
"185","Sudan","361.0","377.5","412.2","477.7","565.1","679.8","893.9","1,115.7",NA,"1,291.5","1,226.9","1,476.5","1,666.9","1,892.9","1,955.7","2,176.9","2,513.9"
"186","Suriname","1,888.6","1,598.1","2,232.5","2,603.1","3,006.5","3,595.1","5,207.9","5,761.4",NA,"6,858.2","7,443.9","8,303.3","8,319.0","9,272.4","9,484.6","9,564.4","8,819.0"
"187","Swaziland","1,637.5","1,437.6","1,325.0","2,021.0","2,529.6","2,873.9","2,937.4","3,047.5",NA,"2,842.4","3,032.5","3,690.2","3,934.3","3,851.5","3,598.7","3,464.0","3,136.9"
"188","Sweden","29,283.0","26,969.2","29,571.7","36,961.4","42,442.2","43,085.4","46,256.5","53,324.4",NA,"55,746.8","46,207.1","52,076.3","59,593.3","57,134.1","60,283.2","59,180.2","50,585.3"
"189","Switzerland","37,813.2","38,538.6","41,336.7","47,960.6","53,256.0","54,797.5","57,348.9","63,223.5",NA,"72,119.6","69,672.0","74,276.7","87,998.4","83,164.4","84,658.9","85,814.6","80,989.8"
"190","Syrian Arab Republic","1,177.6","1,258.4","1,263.0","1,253.4","1,408.9","1,577.5","1,762.2","2,058.0",NA,"..","..","..","..","..","..","..",".."
"191","Tajikistan","138.4","170.8","189.4","236.3","309.3","337.4","404.3","520.0",NA,"706.1","666.3","738.3","834.5","954.7","1,040.2","1,104.5","918.7"
"192","Tanzania","306.7","304.3","308.1","323.1","345.2","442.3","471.5","528.1",NA,"651.3","658.8","701.6","733.4","820.2","901.7","950.4","872.3"
"193","Thailand","2,007.6","1,893.1","2,096.1","2,358.9","2,659.8","2,893.7","3,369.0","3,972.2",NA,"4,378.7","4,212.1","5,075.3","5,491.2","5,859.9","6,171.3","5,941.8","5,814.9"
"194","Timor-Leste","422.2","506.4","480.6","471.5","467.5","478.3","441.5","524.9",NA,"643.7","757.3","849.9","1,014.6","1,117.8","1,107.8","1,153.5","1,161.8"
"195","Togo","260.4","260.6","280.8","310.4","350.0","372.2","377.3","420.8",NA,"513.4","499.6","487.9","562.3","563.7","579.4","620.1","551.1"
"196","Tonga","2,063.2","1,838.0","1,842.4","2,029.7","2,284.3","2,594.7","2,892.5","2,932.3",NA,"3,392.6","3,070.8","3,547.6","4,045.0","4,501.5","4,266.6","4,192.3","4,093.8"
"197","Trinidad and Tobago","6,430.9","6,935.7","7,049.6","8,804.5","10,290.5","12,323.1","14,096.0","16,530.2",NA,"21,188.1","14,508.9","16,683.9","19,054.0","19,152.1","19,607.8","19,325.2","17,321.8"
"198","Tunisia","2,213.9","2,254.9","2,346.1","2,762.0","3,112.8","3,194.6","3,371.7","3,778.2",NA,"4,310.1","4,130.0","4,140.2","4,256.9","4,137.6","4,199.5","4,271.7","3,828.1"
"199","Turkey","4,316.6","3,119.6","3,660.0","4,718.5","6,040.7","7,384.4","8,034.9","9,709.5",NA,"10,850.7","9,036.5","10,672.1","11,341.1","11,720.3","12,542.9","12,127.2","10,979.5"
"200","Turkmenistan","643.2","774.5","967.9","1,283.9","1,453.9","1,704.5","2,136.7","2,600.4",NA,"3,904.5","4,036.5","4,439.2","5,650.0","6,675.3","7,304.4","7,962.4","6,432.7"
"201","Turks and Caicos Islands","..","..","..","..","..","..","..","..",NA,"..","..","..","..","..","..","..",".."
"202","Tuvalu","1,458.8","1,387.4","1,603.6","1,866.6","2,176.6","2,178.0","2,259.3","2,638.9",NA,"2,929.4","2,595.6","3,021.9","3,698.9","3,718.0","3,542.1","3,415.8","2,970.0"
"203","Uganda","257.6","235.0","240.2","238.0","288.0","315.8","336.5","401.9",NA,"449.7","647.0","595.0","584.4","647.7","662.5","719.2","693.9"
"204","Ukraine","635.7","780.7","879.5","1,048.5","1,367.4","1,828.7","2,303.0","3,068.6",NA,"3,891.0","2,545.5","2,965.1","3,569.8","3,855.4","4,029.7","3,104.7","2,124.7"
"205","United Arab Emirates","33,071.3","31,061.5","31,311.4","33,230.5","36,161.2","39,439.8","42,372.2","42,672.6",NA,"45,758.9","33,072.6","35,049.1","40,462.3","42,112.2","43,350.6","44,449.7","39,101.7"
"206","United Kingdom","27,769.9","27,284.2","29,603.5","34,007.9","39,824.8","41,524.1","44,016.7","49,949.2",NA,"46,523.3","38,010.1","38,709.9","41,240.4","41,538.3","42,407.4","46,412.1","43,929.7"
"207","United States","36,449.9","37,273.6","38,166.0","39,677.2","41,921.8","44,307.9","46,437.1","48,061.5",NA,"48,401.4","47,001.6","48,373.9","49,790.7","51,450.1","52,787.0","54,598.6","56,207.0"
"208","Uruguay","6,871.9","6,281.4","4,088.8","3,622.1","4,117.3","5,221.0","5,877.9","7,009.7",NA,"9,062.3","9,415.2","11,938.2","14,166.5","15,092.1","16,881.2","16,737.9","15,524.8"
"209","Uzbekistan","558.2","456.7","383.3","396.1","465.1","546.8","654.3","830.4",NA,"1,082.3","1,213.3","1,377.1","1,565.0","1,740.5","1,907.6","2,050.4","2,137.6"
"210","Vanuatu","1,469.8","1,362.6","1,353.9","1,580.5","1,787.9","1,886.4","2,047.1","2,393.4",NA,"2,698.0","2,643.4","2,965.8","3,275.1","3,158.6","3,167.3","3,148.4","2,805.8"
"211","Venezuela, RB","4,783.5","4,926.3","3,656.0","3,232.5","4,271.4","5,432.7","6,735.8","8,318.8",NA,"11,227.2","11,536.1","13,545.2","10,741.6","12,755.0","12,237.2","..",".."
"212","Vietnam","433.3","448.9","477.1","530.9","606.9","699.5","796.7","919.2",NA,"1,164.6","1,232.4","1,333.6","1,542.7","1,754.5","1,907.6","2,052.3","2,107.0"
"213","Virgin Islands (U.S.)","..","..","30,210.3","31,947.1","35,192.2","41,154.1","41,819.9","44,711.1",NA,"39,685.9","39,388.2","40,831.1","40,072.2","38,898.1","35,937.6","34,789.3","36,350.8"
"214","West Bank and Gaza","1,476.2","1,335.6","1,156.2","1,257.7","1,337.6","1,455.2","1,441.5","1,575.6",NA,"1,855.5","1,963.2","2,338.7","2,665.0","2,787.2","2,992.2","2,960.8","2,865.8"
"215","Yemen, Rep.","539.1","535.8","565.2","605.2","693.1","814.0","901.8","995.6",NA,"1,203.7","1,093.8","1,309.2","1,349.4","1,421.2","1,580.2","1,647.0","1,401.9"
"216","Zambia","341.9","378.3","377.1","429.2","530.3","691.3","1,030.2","1,104.6",NA,"1,369.1","1,139.1","1,463.2","1,644.6","1,734.9","1,850.8","1,738.1","1,313.9"
"217","Zimbabwe","547.4","548.1","507.3","453.4","454.4","444.8","414.8","397.0",NA,"325.7","605.8","713.6","839.1","955.6","1,011.2","1,027.4","1,018.7"
"218","Created from: World Development Indicators
Series : GDP per capita (current US$)","","","","","","","","",NA,"","","","","","","",""
